-- phpMyAdmin SQL Dump
-- version 5.1.1
-- https://www.phpmyadmin.net/
--
-- Host: localhost
-- Czas generowania: 01 Wrz 2021, 14:31
-- Wersja serwera: 8.0.21
-- Wersja PHP: 8.0.10

SET SQL_MODE = "NO_AUTO_VALUE_ON_ZERO";
START TRANSACTION;
SET time_zone = "+00:00";


/*!40101 SET @OLD_CHARACTER_SET_CLIENT=@@CHARACTER_SET_CLIENT */;
/*!40101 SET @OLD_CHARACTER_SET_RESULTS=@@CHARACTER_SET_RESULTS */;
/*!40101 SET @OLD_COLLATION_CONNECTION=@@COLLATION_CONNECTION */;
/*!40101 SET NAMES utf8mb4 */;

--
-- Baza danych: `s401454`
--

-- --------------------------------------------------------

--
-- Struktura tabeli dla tabeli `comments`
--

CREATE TABLE `comments` (
  `id` int UNSIGNED NOT NULL,
  `author_id` int UNSIGNED NOT NULL,
  `added_at` datetime NOT NULL,
  `likes` int NOT NULL,
  `content` varchar(1000) COLLATE utf8mb4_unicode_ci NOT NULL,
  `meme_id` int UNSIGNED NOT NULL
) ENGINE=InnoDB DEFAULT CHARSET=utf8mb4 COLLATE=utf8mb4_unicode_ci;

--
-- Zrzut danych tabeli `comments`
--

INSERT INTO `comments` (`id`, `author_id`, `added_at`, `likes`, `content`, `meme_id`) VALUES
(1, 2, '2021-08-27 18:15:29', 0, 'Sprawa nie jest taka oczywista, mem mo偶e r贸wnie偶 odnosi si do symulowania wspomnianego pikarza.\nAlbo te偶 do tego 偶e podczas meczu z Polsk nie mia atwego 偶ycia.', 4),
(2, 14, '2021-08-25 08:38:01', 1, 'Widziaem te偶 wersje w zupenie innym kontekcie, nie zwizanym z pik no偶n. Taka mina pasuje w sumie wszdzie.', 4),
(3, 13, '2021-08-25 10:39:26', 4, 'Ten wtek nale偶aoby rozdzieli, to nawet nie jest jeden mem tylko cay cykl, kt贸ry ksztatowa si przez lata. Do poprawy!', 2),
(4, 16, '2021-08-26 12:47:22', 0, 'Kontekst: Edyta pacze po mierci jej menad偶era, ciekawe 偶e akurat na mediach spoecznociowych...', 7),
(5, 16, '2021-08-26 12:47:52', 0, 'Udao si doda pierwszy komentarz, uda si i drugi!', 7),
(7, 16, '2021-08-26 13:21:17', 0, 'To! Masz racj, trzeba tak zrobi, wieczorem si tym zajm', 2),
(8, 16, '2021-08-26 13:22:01', 0, 'Nie wiem czy to jest a偶 takie istotnie, poza tym chyba troch niemieszne. W jakim kontekcie tego u偶y??', 3),
(9, 16, '2021-08-26 13:27:07', 0, 'Zgadza si, ale opis o wiele za kr贸tki, tyle jest temat贸w do poruszenia...', 53),
(10, 16, '2021-08-26 13:27:33', 0, 'Trzeba doda 偶e w polsce nie ma gdzie pracowa i trzeba spierdala na zach贸d.', 53),
(18, 16, '2021-08-26 15:14:28', 0, 'Dodaj komentarz z nadziej 偶e zadziaa solidnie to co napisaem', 53),
(19, 16, '2021-08-26 15:19:13', 0, 'Polska to kraj dziwny u dziwne tu s zwyczaje . Zobaczymy czy flagi dziaaj : 叼', 53),
(20, 16, '2021-08-26 15:19:57', 0, 'Rahim czy Raheem kto to mo偶e wiedzie, jedno jest pewne w tym sezonie City nie wygra mistrzostwa.', 53),
(21, 16, '2021-08-26 16:25:05', 0, 'TO jest m贸j komentarz i powinien by podwietlony na odpowiedni kolor.', 5),
(22, 16, '2021-08-26 16:25:47', 0, 'Teraz dodaj komentarz i mo偶na tu znale藕 je od a偶 trzech u偶ytkownik贸w.', 5),
(23, 16, '2021-08-26 16:26:26', 0, 'Jednak jak dodam sw贸j komentarz to on bdzie mia odpowiedni kolor.', 4),
(25, 2, '2021-08-27 12:16:44', 0, 'Teraz personalizacja odpowiedzi do komentarzy powinna miga!', 5),
(26, 2, '2021-08-27 12:17:20', 0, 'Ile tu komentarzy u偶ytkownika o dziwnym nicku Zwartsdwad', 53),
(29, 2, '2021-08-27 16:57:02', 0, 'Dodaj jaki pierwszy komentarz.', 1),
(31, 2, '2021-08-27 16:57:42', 0, 'Sam si zastanawiam ile tych komentarzy jest mo偶liwe doda, pewnie bardzo wiele.', 1),
(34, 2, '2021-08-30 12:45:27', 0, 'Sprawdzam jak dziaaj komentarze na stronce w internecie.', 7),
(36, 2, '2021-08-31 11:14:39', 0, 'Oryginalna pisownia to: \"Bede grau w gre\"; \"Tomb Raider [fonetycznie]\".', 57),
(39, 2, '2021-08-31 15:10:22', 0, 'Fajnie 偶e kto to wreszcie doda.', 58),
(42, 16, '2021-09-01 15:25:53', 0, 'Natomiast sam film nakrcono w Gliwicach.', 57),
(43, 17, '2021-09-01 15:32:03', 0, '- Co wy tutaj budujecie?\n...\n...\n- Bagno', 63),
(44, 17, '2021-09-01 15:51:46', 0, 'Kawaii UwU ale pikny knur bo偶q', 69),
(45, 17, '2021-09-01 15:52:28', 0, 'Tylko solarisy 15 metrowe, przegubowe autobusy to prze偶ytek!!!!! ', 67),
(46, 17, '2021-09-01 15:52:44', 0, 'A co to za pikny kotek :3', 70),
(47, 17, '2021-09-01 15:53:45', 0, 'Nie szkaluj papie偶a, masz ty w og贸le czowieku rozum i godno czowieka?', 5);

-- --------------------------------------------------------

--
-- Struktura tabeli dla tabeli `images`
--

CREATE TABLE `images` (
  `id` int UNSIGNED NOT NULL,
  `uri` varchar(1000) COLLATE utf8mb4_unicode_ci NOT NULL,
  `meme_id` int UNSIGNED NOT NULL
) ENGINE=InnoDB DEFAULT CHARSET=utf8mb4 COLLATE=utf8mb4_unicode_ci;

--
-- Zrzut danych tabeli `images`
--

INSERT INTO `images` (`id`, `uri`, `meme_id`) VALUES
(1, 'NFUPH4M6QRDLLKJBN7DOE4AXCM.jpg', 1),
(2, '9beadc7e-e5dc-11eb-9aba-1b7e08262541_image_hires_154400.jpg', 1),
(3, 'fetchimage.jpg', 2),
(4, 'pobrane.jpg', 2),
(5, 'Thumbnail_expert_wallet.png', 3),
(6, '1576161704_666c2.jpg', 4),
(7, 'sc.png', 5),
(8, 'edyta-gorniak-przezywa-smierc-menadzera-wiktora-kubiaka-121654-1_X.jpg', 7),
(9, 'z19315791V,Abstrachuje.jpg', 9),
(14, 'hqdefault1.jpg', 53),
(16, 'OFF-PLATFORM-Phil-Jones.jpg', 56),
(17, 'hqdefault.jpg', 57),
(18, 'eac9e5ae114dbc3bb4041322437d87af.jpg', 58),
(22, 'Comment_l8EFtcm0xwSkLxUbfHnn71dH7sstStXT.jpg', 62),
(23, 'bagno.PNG', 63),
(24, 'a small price to pay for salvation.jpg', 64),
(25, 'DAMIAN.PNG', 65),
(26, 'co by obywatel kurwa od razu.jpg', 66),
(27, 'kr贸tki autobus.jpg', 67),
(28, 'salute ozon rosjanin.jpg', 68),
(29, 'anime konon.jpg', 69),
(30, 'bonfire lit.jpg', 70),
(31, 'chad yes.png', 71),
(32, 'kt贸re kolano.PNG', 72);

-- --------------------------------------------------------

--
-- Struktura tabeli dla tabeli `likes`
--

CREATE TABLE `likes` (
  `id` int NOT NULL,
  `meme_id` int UNSIGNED NOT NULL,
  `user_id` int UNSIGNED NOT NULL
) ENGINE=InnoDB DEFAULT CHARSET=utf8mb4 COLLATE=utf8mb4_unicode_ci;

--
-- Zrzut danych tabeli `likes`
--

INSERT INTO `likes` (`id`, `meme_id`, `user_id`) VALUES
(17, 1, 2),
(9, 1, 16),
(4, 2, 16),
(13, 4, 2),
(5, 4, 16),
(16, 5, 2),
(8, 5, 16),
(21, 9, 2),
(12, 53, 2),
(24, 57, 2),
(26, 62, 2),
(30, 63, 17),
(28, 67, 17),
(29, 70, 17),
(27, 71, 17),
(31, 71, 18);

-- --------------------------------------------------------

--
-- Struktura tabeli dla tabeli `memes`
--

CREATE TABLE `memes` (
  `id` int UNSIGNED NOT NULL,
  `title` varchar(255) COLLATE utf8mb4_unicode_ci NOT NULL,
  `description` varchar(1000) COLLATE utf8mb4_unicode_ci NOT NULL,
  `year` varchar(255) COLLATE utf8mb4_unicode_ci NOT NULL,
  `added_at` datetime NOT NULL,
  `views` int NOT NULL,
  `likes` int NOT NULL,
  `added_by` int UNSIGNED NOT NULL
) ENGINE=InnoDB DEFAULT CHARSET=utf8mb4 COLLATE=utf8mb4_unicode_ci;

--
-- Zrzut danych tabeli `memes`
--

INSERT INTO `memes` (`id`, `title`, `description`, `year`, `added_at`, `views`, `likes`, `added_by`) VALUES
(1, 'Donald Trump', 'Memy z prezydentem USA stay si popularne tu偶 przed jego prezydentur.', '1991', '2021-08-23 00:00:00', 159, 7, 2),
(2, 'Tom i Jerry', 'Jest to niezwykle popularna i dobrze znana bajka. Kultura internetowa doskonale przyja ten wtek tworzc niezliczone memy, wiele opartych na absurdalnych sytuacjach w kt贸rych znajdowali si bohaterowie tej bajki dla dzieci.', '2015', '2021-08-24 00:00:00', 31, 3, 1),
(3, 'SpongeBob paci', 'Orbazek przedstawia posta z bajki SpongeBob, kt贸ra ochoczo za co pr贸buje zapaci. Wykorzystywane w r贸偶nych kontekstach, najczciej aby wymiewa ludzi kt贸rzy przepacaj za co.', '2021', '2021-08-24 00:00:00', 15, 0, 2),
(4, 'Raheem Sterling face', 'Angielski pikarz pochodzenia jamajskiego - Raheem Sterling zrobi mieszn min w trakcie spotkania ligowego w Premier League - lidze angielskiej. Pikarz Manchesteru City opr贸cz wybitnej gry jest znany z charakterystycznego sposobu poruszania si. Obrazek by wykorzystywany w trakcie Euro 2020 aby opisa emocje w finaowym meczu.', '2019', '2021-08-24 00:00:00', 30, 2, 13),
(5, 'Papie偶', 'Jaki papie偶 jest ka偶dy widzi. Synny mem - mo偶na otworzy ca galeri tylko dla niego. Nie widz jednak powodu, dla kt贸rego nie powinien si znale藕 tutaj ju偶 na pocztku aby otworzy nitk do szkalowania.', '2005', '2021-08-25 15:04:47', 31, 2, 1),
(7, 'Edyta G贸rniak', 'Edyta jest znana z tego 偶e nie ogarnia rzeczywistoci', '2020', '2021-08-25 18:03:46', 22, 0, 1),
(9, 'Abstrachuje', 'Abstrachuje to niezwykle znana grupa filmowo - youtubowa, kt贸ra ju偶 nie robi miesznych filmik贸w', '2020', '2021-08-25 18:38:48', 14, 1, 13),
(53, 'Polska', 'Jest to oczywiste, Polska to mem sam w sobie, nie wiem nawet co jest tu najmieszniejsze. Wszystko w tym kraju jest fatalne.', '2016', '2021-08-26 13:26:31', 42, 1, 16),
(56, 'Phil Jones', 'R贸wnie偶 znany pikarz. Znany z groteskowych min kt贸re robi w trakcie spotka Premier League. Wykorzystywane w zasadzie wszdzie.', '2011', '2021-08-31 09:15:25', 2, 0, 2),
(57, 'Bd gra w gr', 'Mem z klasyk贸w polskiego internetu, czyli mem贸w kt贸re pojawiy si w latach dwutysicznych. Facet opowiada co bdzie robi w sylwestra, mylc wymow gry komputerowej oraz m贸wic miesznym akcentem. Nagranie pochodzi z Gliwic.', '2008', '2021-08-31 09:17:23', 12, 1, 2),
(58, 'Homer Simpson', 'Na obrazku g贸wny bohater serialu \"The Simpsons\" znika w 偶ywopocie. Czsty wtek wykorzystywany 偶eby opisa czyj ucieczk, wycofanie si.', '2009', '2021-08-31 09:24:17', 5, 0, 2),
(62, 'Pawe Jumper', 'Synne nagranie. Pawe skacze ze skoczni na rowerze, przewraca si i przeklinajc pr贸buje rozchodzi b贸l. Absolutny klasyk i popularny mem.', '2010', '2021-09-01 13:54:03', 4, 1, 2),
(63, 'Bagno', 'Wywiad z osobami odpowiedzialnymi za budow - no wanie, czego? Jak w tytule, bagna. Do teraz nie wiadomo, o co dokadnie tam chodzio, jednak pozostao to barwnym klasykiem starego polskiego internetu.', '2007', '2021-09-01 15:31:32', 3, 1, 17),
(64, 'Thanos - a small price to pay for salvation', 'Mem pochodzi z filmu Avengers: Infinity War. Przedstawiona jest na nim posta Thanosa, wypowiadajcego sowa \"a small price to pay for salvation\", u偶ywany  jest czsto w kontekcie przemiewczym, w sytuacji gdy dana osoba przesadzia ze rodkami do osignicia celu, lub uczynia to w komiczny spos贸b', '2018', '2021-09-01 15:34:24', 1, 0, 17),
(65, 'Triki z pik/stary wchodzcy do pokoju', 'Podczas gdy niczego niewiadomy mody jegomo wykonywa do prawilnej muzyki sztuczki z pik no偶n (cakiem imponujce), podbijajc j midzy innymi gow oraz przerzucajc z ramienia na rami, jego ojciec postanowi wkroczy do jego pokoju, robic sobie 偶arty z modego. Problem polega na tym, i偶 rodziciel nieubrany by w nic, poza biaymi slipami.', '2004', '2021-09-01 15:36:19', 1, 0, 17),
(66, 'Co by obywatel od razu...', 'Mem pochodzi z serialu \"Kapitan Bomba\", stworzonego przez Bartosza Walaszka. U偶ywany w sytuacjach, gdy kto otwarcie m贸wi o zamiarze amania prawa', '2008', '2021-09-01 15:37:50', 1, 0, 17),
(67, 'Kr贸tki autobus', 'Autobus jest kr贸tki. Potrzeba wicej wyjanie?', '2018', '2021-09-01 15:38:20', 4, 1, 17),
(68, 'Salutujcy ozon (rosyjski streamer salutowanie)', 'Rosyjski streamer, ozon, podczas jednego z drunk stream贸w zacz oglda teledysk piosenki opisujcej konflikt rosyjsko-ukraiski. Widocznie pijany streamer zacz salutowa we zach, co spowodowao rozronicie si obrazka do reakcyjnego mema', '2017', '2021-09-01 15:40:06', 1, 0, 17),
(69, 'Kononowicz anime', 'Krzysztof Kononowicz zaczyna jako kandydat-marionetka do wybor贸w na prezydenta Biaegostoku w latach dwutysicznych, a przerodzi si kilkanacie lat p贸藕niej w fenomen, przez jednych opisywany jako niezrozumiale popularny szalony mitoman, przez innych jako najdziwniejszy polski patostreamer. W tej wersji jest on niczym wyjty z mangi.', '2016', '2021-09-01 15:41:56', 3, 0, 17),
(70, 'Bonfire lit', '\"bonfire lit\" odnosi si do komunikatu w grze Dark Souls, pojawiajcego si podczas rozpalenia ogniska, kt贸re peni funkcj checkpointa.', '2013', '2021-09-01 15:42:59', 4, 1, 17),
(71, 'Yes Chad', 'Powszechnie znany \"Chad\" widoczny na obrazku, wypowiadajcy \"Yes\" czsto u偶ywany by jako mem reakcyjny do wymiewania czyich pogld贸w, stawiajc w kontracie inne, jako lepsze', '2020', '2021-09-01 15:44:54', 5, 2, 17),
(72, 'Kt贸re kolano', 'Na filmiku wrzuconym na youtube nieznajomy jegomo grozi innemu pistoletem, prawdopodobnie zabawkowym. Pyta si go 偶artobliwie \"kt贸re kolano\" (bdzie postrzelone), na co drugi reaguje przera偶eniem.', '2016', '2021-09-01 15:46:17', 1, 0, 17);

-- --------------------------------------------------------

--
-- Struktura tabeli dla tabeli `users`
--

CREATE TABLE `users` (
  `id` int UNSIGNED NOT NULL,
  `email` varchar(255) COLLATE utf8mb4_unicode_ci NOT NULL,
  `nick` varchar(255) COLLATE utf8mb4_unicode_ci NOT NULL,
  `password` varchar(255) COLLATE utf8mb4_unicode_ci NOT NULL
) ENGINE=InnoDB DEFAULT CHARSET=utf8mb4 COLLATE=utf8mb4_unicode_ci;

--
-- Zrzut danych tabeli `users`
--

INSERT INTO `users` (`id`, `email`, `nick`, `password`) VALUES
(1, 'stasio.macz@onet.pl', 'Staszek', 'iofdisi3'),
(2, 'a.krzywda00@gmail.com', 'Andrzej', 'GwiezdneWojny93'),
(13, 'm.krzywda1@gmail.com', 'Myszolupa', 'prosteHaslo'),
(14, 'dwew.wewe@ter.pl', 'kwiatuszek1234', 'jakieshaslo234'),
(16, 'z@z.pl', 'Zwartsdwad', '1234567'),
(17, 'mosinski@student.agh.edu.pl', 'musli', '123456'),
(18, '123@123.pl', 'kwiatuszek', '123123'),
(19, '456@456.pl', 'myszka OR 1=1', '123123');

--
-- Indeksy dla zrzut贸w tabel
--

--
-- Indeksy dla tabeli `comments`
--
ALTER TABLE `comments`
  ADD PRIMARY KEY (`id`),
  ADD KEY `author_id` (`author_id`),
  ADD KEY `meme_id` (`meme_id`);

--
-- Indeksy dla tabeli `images`
--
ALTER TABLE `images`
  ADD PRIMARY KEY (`id`),
  ADD KEY `meme_id` (`meme_id`);

--
-- Indeksy dla tabeli `likes`
--
ALTER TABLE `likes`
  ADD PRIMARY KEY (`id`),
  ADD UNIQUE KEY `id` (`meme_id`,`user_id`),
  ADD KEY `user_id` (`user_id`);

--
-- Indeksy dla tabeli `memes`
--
ALTER TABLE `memes`
  ADD PRIMARY KEY (`id`),
  ADD KEY `added_by` (`added_by`);

--
-- Indeksy dla tabeli `users`
--
ALTER TABLE `users`
  ADD PRIMARY KEY (`id`),
  ADD UNIQUE KEY `email` (`email`);

--
-- AUTO_INCREMENT dla zrzuconych tabel
--

--
-- AUTO_INCREMENT dla tabeli `comments`
--
ALTER TABLE `comments`
  MODIFY `id` int UNSIGNED NOT NULL AUTO_INCREMENT, AUTO_INCREMENT=48;

--
-- AUTO_INCREMENT dla tabeli `images`
--
ALTER TABLE `images`
  MODIFY `id` int UNSIGNED NOT NULL AUTO_INCREMENT, AUTO_INCREMENT=34;

--
-- AUTO_INCREMENT dla tabeli `likes`
--
ALTER TABLE `likes`
  MODIFY `id` int NOT NULL AUTO_INCREMENT, AUTO_INCREMENT=33;

--
-- AUTO_INCREMENT dla tabeli `memes`
--
ALTER TABLE `memes`
  MODIFY `id` int UNSIGNED NOT NULL AUTO_INCREMENT, AUTO_INCREMENT=80;

--
-- AUTO_INCREMENT dla tabeli `users`
--
ALTER TABLE `users`
  MODIFY `id` int UNSIGNED NOT NULL AUTO_INCREMENT, AUTO_INCREMENT=20;

--
-- Ograniczenia dla zrzut贸w tabel
--

--
-- Ograniczenia dla tabeli `comments`
--
ALTER TABLE `comments`
  ADD CONSTRAINT `comments_ibfk_1` FOREIGN KEY (`author_id`) REFERENCES `users` (`id`),
  ADD CONSTRAINT `comments_ibfk_2` FOREIGN KEY (`meme_id`) REFERENCES `memes` (`id`);

--
-- Ograniczenia dla tabeli `images`
--
ALTER TABLE `images`
  ADD CONSTRAINT `images_ibfk_1` FOREIGN KEY (`meme_id`) REFERENCES `memes` (`id`);

--
-- Ograniczenia dla tabeli `likes`
--
ALTER TABLE `likes`
  ADD CONSTRAINT `likes_ibfk_1` FOREIGN KEY (`meme_id`) REFERENCES `memes` (`id`),
  ADD CONSTRAINT `likes_ibfk_2` FOREIGN KEY (`user_id`) REFERENCES `users` (`id`);

--
-- Ograniczenia dla tabeli `memes`
--
ALTER TABLE `memes`
  ADD CONSTRAINT `memes_ibfk_1` FOREIGN KEY (`added_by`) REFERENCES `users` (`id`);
COMMIT;

/*!40101 SET CHARACTER_SET_CLIENT=@OLD_CHARACTER_SET_CLIENT */;
/*!40101 SET CHARACTER_SET_RESULTS=@OLD_CHARACTER_SET_RESULTS */;
/*!40101 SET COLLATION_CONNECTION=@OLD_COLLATION_CONNECTION */;
